dataset_name,AUC,Accuracy,f1,Recall,Precision,Average Precision,Sensitivity,Specificity,MCC,model
cat_1,"(0.84979, 0.035243)","(0.889789, 0.028774)","(0.762511, 0.057779)","(0.776618, 0.049172)","(0.749791, 0.070092)","(0.635925, 0.077362)","(0.776618, 0.049172)","(0.922961, 0.024048)","(0.691361, 0.076726)",lr
cat_1_sd,"(0.865405, 0.033905)","(0.875893, 0.032075)","(0.757273, 0.055934)","(0.846377, 0.046186)","(0.687427, 0.07311)","(0.618459, 0.075056)","(0.846377, 0.046186)","(0.884433, 0.033817)","(0.683132, 0.074809)",lr
cat_1_2,"(0.840766, 0.019966)","(0.816319, 0.029214)","(0.687479, 0.029968)","(0.8857, 0.047228)","(0.564563, 0.044972)","(0.524915, 0.034622)","(0.8857, 0.047228)","(0.795831, 0.045007)","(0.598016, 0.040259)",lr
cat_1_2_sd,"(0.843469, 0.027339)","(0.81329, 0.036612)","(0.687863, 0.043897)","(0.898841, 0.04566)","(0.559875, 0.056562)","(0.525947, 0.052541)","(0.898841, 0.04566)","(0.788098, 0.050662)","(0.600001, 0.057164)",lr
cat_1_2_3,"(0.850092, 0.02183)","(0.816305, 0.031132)","(0.693965, 0.034205)","(0.912077, 0.046074)","(0.562607, 0.047598)","(0.532333, 0.040425)","(0.912077, 0.046074)","(0.788106, 0.046368)","(0.610082, 0.044884)",lr
complete,"(0.839914, 0.029991)","(0.805364, 0.038074)","(0.679884, 0.044182)","(0.903285, 0.053053)","(0.547887, 0.055026)","(0.516613, 0.050975)","(0.903285, 0.053053)","(0.776543, 0.052823)","(0.590753, 0.059373)",lr
