dataset_name,AUC,Accuracy,f1,Recall,Precision,Average Precision,Sensitivity,Specificity,MCC,model
cat_1,"(0.872165, 0.032027)","(0.91759, 0.016682)","(0.811672, 0.041918)","(0.789275, 0.063102)","(0.837787, 0.034601)","(0.709703, 0.052903)","(0.789275, 0.063102)","(0.955054, 0.010816)","(0.760458, 0.051536)",lr
cat_1_sd,"(0.898304, 0.034261)","(0.914635, 0.022129)","(0.82149, 0.047451)","(0.868502, 0.059911)","(0.780307, 0.045227)","(0.7093, 0.06453)","(0.868502, 0.059911)","(0.928106, 0.015943)","(0.768017, 0.062328)",lr
cat_1_2,"(0.881939, 0.018288)","(0.862967, 0.024623)","(0.753275, 0.031712)","(0.916715, 0.028736)","(0.640982, 0.044358)","(0.606284, 0.041012)","(0.916715, 0.028736)","(0.847163, 0.033769)","(0.684282, 0.040666)",lr
cat_1_2_sd,"(0.878392, 0.017194)","(0.855017, 0.019951)","(0.742893, 0.025629)","(0.921159, 0.032442)","(0.623667, 0.034617)","(0.592195, 0.032452)","(0.921159, 0.032442)","(0.835624, 0.027851)","(0.67207, 0.033922)",lr
cat_1_2_3,"(0.874469, 0.02244)","(0.849057, 0.033664)","(0.736793, 0.03975)","(0.921063, 0.029486)","(0.616443, 0.054231)","(0.585339, 0.049635)","(0.921063, 0.029486)","(0.827874, 0.046195)","(0.664332, 0.050106)",lr
complete,"(0.869401, 0.017995)","(0.841121, 0.022614)","(0.7252, 0.027387)","(0.921159, 0.029239)","(0.599083, 0.035071)","(0.569661, 0.033882)","(0.921159, 0.029239)","(0.817643, 0.030789)","(0.649894, 0.036072)",lr
