dataset_name,AUC,Accuracy,f1,Recall,Precision,Average Precision,Sensitivity,Specificity,MCC,model
cat_1,"(0.840609, 0.044707)","(0.877863, 0.032037)","(0.741507, 0.066132)","(0.772367, 0.073799)","(0.715068, 0.071121)","(0.607488, 0.082232)","(0.772367, 0.073799)","(0.90885, 0.026111)","(0.663568, 0.087162)",lr
cat_1_sd,"(0.856536, 0.032475)","(0.862017, 0.026414)","(0.736024, 0.04512)","(0.84657, 0.049514)","(0.651915, 0.048046)","(0.588198, 0.053854)","(0.84657, 0.049514)","(0.866501, 0.024762)","(0.655446, 0.062067)",lr
cat_1_2,"(0.847429, 0.040865)","(0.831225, 0.036504)","(0.703272, 0.053283)","(0.877198, 0.065745)","(0.588919, 0.056517)","(0.546004, 0.060923)","(0.877198, 0.065745)","(0.817659, 0.040767)","(0.616432, 0.075242)",lr
cat_1_2_sd,"(0.848082, 0.039576)","(0.832215, 0.031498)","(0.703677, 0.049014)","(0.877198, 0.065745)","(0.588738, 0.047452)","(0.545963, 0.055405)","(0.877198, 0.065745)","(0.818966, 0.031975)","(0.616985, 0.070379)",lr
cat_1_2_3,"(0.846749, 0.035878)","(0.82525, 0.028646)","(0.697154, 0.044539)","(0.886087, 0.055928)","(0.575235, 0.041487)","(0.537165, 0.051429)","(0.886087, 0.055928)","(0.807411, 0.027165)","(0.609439, 0.064)",lr
complete,"(0.847979, 0.040064)","(0.82724, 0.032332)","(0.699735, 0.050491)","(0.88599, 0.063815)","(0.579118, 0.048046)","(0.540922, 0.057671)","(0.88599, 0.063815)","(0.809967, 0.031882)","(0.612841, 0.072067)",lr
