dataset_name,AUC,Accuracy,f1,Recall,Precision,Average Precision,Sensitivity,Specificity,MCC,model
cat_1,"(0.81087, 0.044479)","(0.896719, 0.021212)","(0.738592, 0.061958)","(0.653816, 0.089592)","(0.857782, 0.050545)","(0.640012, 0.069037)","(0.653816, 0.089592)","(0.967924, 0.012137)","(0.687968, 0.068784)",lgm
cat_1_sd,"(0.850383, 0.030509)","(0.90269, 0.022076)","(0.778649, 0.04912)","(0.754686, 0.049036)","(0.805291, 0.057551)","(0.665371, 0.067028)","(0.754686, 0.049036)","(0.946079, 0.017026)","(0.717408, 0.063522)",lgm
cat_1_2,"(0.856256, 0.017683)","(0.811265, 0.035708)","(0.694939, 0.035282)","(0.938551, 0.02143)","(0.554097, 0.048936)","(0.533137, 0.041226)","(0.938551, 0.02143)","(0.773962, 0.051506)","(0.615482, 0.04088)",lgm
cat_1_2_sd,"(0.830759, 0.022858)","(0.776538, 0.022475)","(0.653788, 0.027944)","(0.929855, 0.029346)","(0.504402, 0.026877)","(0.485431, 0.031047)","(0.929855, 0.029346)","(0.731663, 0.02433)","(0.561746, 0.040438)",lgm
cat_1_2_3,"(0.830495, 0.02217)","(0.766563, 0.032965)","(0.649095, 0.032598)","(0.947343, 0.022651)","(0.494768, 0.037571)","(0.480595, 0.036043)","(0.947343, 0.022651)","(0.713648, 0.043729)","(0.559582, 0.04174)",lgm
complete,"(0.819929, 0.022849)","(0.747697, 0.035648)","(0.632428, 0.03192)","(0.951884, 0.021145)","(0.474657, 0.036545)","(0.462559, 0.034081)","(0.951884, 0.021145)","(0.687974, 0.047732)","(0.539376, 0.04094)",lgm
