dataset_name,AUC,Accuracy,f1,Recall,Precision,Average Precision,Sensitivity,Specificity,MCC,model
cat_1,"(0.753954, 0.054709)","(0.870962, 0.028816)","(0.650161, 0.094039)","(0.54, 0.1048)","(0.828241, 0.080203)","(0.556785, 0.086931)","(0.54, 0.1048)","(0.967907, 0.012821)","(0.597937, 0.102082)",lgm
cat_1_sd,"(0.825182, 0.047057)","(0.894808, 0.034347)","(0.750963, 0.078568)","(0.697874, 0.074126)","(0.815157, 0.094798)","(0.642857, 0.099924)","(0.697874, 0.074126)","(0.95249, 0.025863)","(0.688834, 0.101405)",lgm
cat_1_2,"(0.853382, 0.021623)","(0.809359, 0.027265)","(0.690461, 0.030816)","(0.93401, 0.034187)","(0.548861, 0.037149)","(0.527525, 0.035603)","(0.93401, 0.034187)","(0.772754, 0.036607)","(0.608979, 0.041625)",lgm
cat_1_2_sd,"(0.827809, 0.033257)","(0.769662, 0.037274)","(0.649137, 0.040645)","(0.934203, 0.039004)","(0.498348, 0.041941)","(0.481187, 0.04289)","(0.934203, 0.039004)","(0.721414, 0.043929)","(0.556386, 0.059267)",lgm
cat_1_2_3,"(0.827258, 0.018364)","(0.761687, 0.028067)","(0.643956, 0.025328)","(0.947246, 0.017835)","(0.488466, 0.029036)","(0.474559, 0.027197)","(0.947246, 0.017835)","(0.70727, 0.037906)","(0.553009, 0.033488)",lgm
complete,"(0.814075, 0.017878)","(0.738845, 0.025477)","(0.623515, 0.023338)","(0.951691, 0.016536)","(0.464089, 0.025433)","(0.452649, 0.025034)","(0.951691, 0.016536)","(0.67646, 0.033597)","(0.527925, 0.031726)",lgm
