dataset_name,AUC,Accuracy,f1,Recall,Precision,Average Precision,Sensitivity,Specificity,MCC,model
cat_1,"(0.811667, 0.026946)","(0.878824, 0.021599)","(0.720674, 0.043412)","(0.688792, 0.049452)","(0.76097, 0.071015)","(0.594815, 0.055693)","(0.688792, 0.049452)","(0.934541, 0.025101)","(0.646732, 0.058072)",lgm
cat_1_sd,"(0.832966, 0.020414)","(0.863962, 0.02229)","(0.722115, 0.037201)","(0.776329, 0.021236)","(0.676323, 0.053606)","(0.576414, 0.048238)","(0.776329, 0.021236)","(0.889603, 0.024788)","(0.636003, 0.050124)",lgm
cat_1_2,"(0.805366, 0.016608)","(0.763637, 0.014194)","(0.628126, 0.015894)","(0.881643, 0.04055)","(0.488417, 0.015043)","(0.457378, 0.016682)","(0.881643, 0.04055)","(0.72909, 0.022658)","(0.520397, 0.026075)",lgm
cat_1_2_sd,"(0.795456, 0.014301)","(0.750702, 0.019727)","(0.614853, 0.020537)","(0.877198, 0.022532)","(0.473828, 0.023625)","(0.443434, 0.021709)","(0.877198, 0.022532)","(0.713714, 0.026698)","(0.501708, 0.027138)",lgm
cat_1_2_3,"(0.791377, 0.021396)","(0.729866, 0.019867)","(0.602533, 0.023003)","(0.903671, 0.037815)","(0.452329, 0.020775)","(0.430865, 0.023257)","(0.903671, 0.037815)","(0.679082, 0.02389)","(0.490358, 0.035856)",lgm
complete,"(0.793985, 0.019676)","(0.721925, 0.021051)","(0.601533, 0.022656)","(0.925604, 0.029208)","(0.445878, 0.022091)","(0.429797, 0.023253)","(0.925604, 0.029208)","(0.662366, 0.025481)","(0.493426, 0.033871)",lgm
