dataset_name,AUC,Accuracy,f1,Recall,Precision,Average Precision,Sensitivity,Specificity,MCC,model
cat_1,"(0.818696, 0.032291)","(0.872913, 0.029088)","(0.720806, 0.054103)","(0.719517, 0.058422)","(0.728761, 0.08549)","(0.58843, 0.068636)","(0.719517, 0.058422)","(0.917874, 0.035617)","(0.641431, 0.073035)",lgm
cat_1_sd,"(0.832525, 0.033635)","(0.867933, 0.03631)","(0.727516, 0.059915)","(0.767729, 0.045959)","(0.696376, 0.087672)","(0.588498, 0.07746)","(0.767729, 0.045959)","(0.89732, 0.043063)","(0.644686, 0.080145)",lgm
cat_1_2,"(0.816723, 0.013963)","(0.771558, 0.020307)","(0.641161, 0.019895)","(0.899227, 0.025715)","(0.498923, 0.024922)","(0.471299, 0.021902)","(0.899227, 0.025715)","(0.734218, 0.029146)","(0.540049, 0.026137)",lgm
cat_1_2_sd,"(0.806459, 0.019674)","(0.750741, 0.017075)","(0.62278, 0.019459)","(0.908213, 0.036954)","(0.474211, 0.017534)","(0.451702, 0.020169)","(0.908213, 0.036954)","(0.704706, 0.021715)","(0.517898, 0.032008)",lgm
cat_1_2_3,"(0.815784, 0.023214)","(0.755667, 0.02559)","(0.632335, 0.027463)","(0.925604, 0.040116)","(0.48094, 0.028)","(0.462202, 0.029864)","(0.925604, 0.040116)","(0.705964, 0.033751)","(0.533855, 0.039823)",lgm
complete,"(0.798468, 0.012949)","(0.728841, 0.025435)","(0.607984, 0.020138)","(0.925604, 0.021796)","(0.453475, 0.0256)","(0.436242, 0.020713)","(0.925604, 0.021796)","(0.671332, 0.036977)","(0.502083, 0.02399)",lgm
