dataset_name,AUC,Accuracy,f1,Recall,Precision,Average Precision,Sensitivity,Specificity,MCC,model
cat_1,"(0.824465, 0.046939)","(0.866957, 0.023636)","(0.715525, 0.058459)","(0.746473, 0.092465)","(0.690159, 0.037256)","(0.575078, 0.064354)","(0.746473, 0.092465)","(0.902457, 0.012309)","(0.631194, 0.074648)",lr
cat_1_sd,"(0.860357, 0.049037)","(0.858066, 0.036659)","(0.734517, 0.066626)","(0.864444, 0.07538)","(0.639337, 0.063959)","(0.587466, 0.079459)","(0.864444, 0.07538)","(0.85627, 0.029239)","(0.654756, 0.091286)",lr
cat_1_2,"(0.84127, 0.030858)","(0.829161, 0.026359)","(0.696493, 0.043866)","(0.863575, 0.050314)","(0.584652, 0.046683)","(0.536968, 0.053728)","(0.863575, 0.050314)","(0.818966, 0.028438)","(0.606156, 0.059149)",lr
cat_1_2_sd,"(0.849601, 0.02285)","(0.837136, 0.026344)","(0.709347, 0.03559)","(0.87256, 0.043408)","(0.599772, 0.047529)","(0.552036, 0.043807)","(0.87256, 0.043408)","(0.826642, 0.036613)","(0.623923, 0.046933)",lr
cat_1_2_3,"(0.844389, 0.032025)","(0.829186, 0.026205)","(0.698519, 0.042664)","(0.872367, 0.05732)","(0.583815, 0.044663)","(0.539163, 0.050686)","(0.872367, 0.05732)","(0.81641, 0.029819)","(0.610085, 0.058822)",lr
complete,"(0.838742, 0.027214)","(0.82522, 0.027634)","(0.692173, 0.039322)","(0.863671, 0.050026)","(0.579468, 0.047465)","(0.531607, 0.046242)","(0.863671, 0.050026)","(0.813813, 0.036347)","(0.60091, 0.053069)",lr
