dataset_name,AUC,Accuracy,f1,Recall,Precision,Average Precision,Sensitivity,Specificity,MCC,model
cat_1,"(0.736165, 0.058839)","(0.786513, 0.022686)","(0.570126, 0.072112)","(0.644348, 0.15096)","(0.525802, 0.046205)","(0.419796, 0.054895)","(0.644348, 0.15096)","(0.827982, 0.046127)","(0.442511, 0.085337)",svm
cat_1_sd,"(0.775105, 0.023131)","(0.779558, 0.016913)","(0.611009, 0.022574)","(0.76715, 0.075623)","(0.511486, 0.026822)","(0.44393, 0.021501)","(0.76715, 0.075623)","(0.78306, 0.038085)","(0.487684, 0.030969)",svm
cat_1_2,"(0.502564, 0.002398)","(0.230383, 0.00366)","(0.370423, 0.00268)","(1.0, 0.0)","(0.227316, 0.002016)","(0.227316, 0.002016)","(1.0, 0.0)","(0.005128, 0.004797)","(0.026089, 0.022045)",svm
cat_1_2_sd,"(0.501923, 0.00157)","(0.229388, 0.00324)","(0.370122, 0.002914)","(1.0, 0.0)","(0.22709, 0.002192)","(0.22709, 0.002192)","(1.0, 0.0)","(0.003846, 0.00314)","(0.022916, 0.018711)",svm
cat_1_2_3,"(0.5, 0.0)","(0.444234, 0.267852)","(0.220835, 0.180328)","(0.6, 0.489898)","(0.135323, 0.110506)","(0.226412, 0.002108)","(0.6, 0.489898)","(0.4, 0.489898)","(0.0, 0.0)",svm
complete,"(0.5, 0.0)","(0.33487, 0.218144)","(0.294729, 0.147382)","(0.8, 0.4)","(0.180641, 0.090337)","(0.226412, 0.002108)","(0.8, 0.4)","(0.2, 0.4)","(0.0, 0.0)",svm
