dataset_name,AUC,Accuracy,f1,Recall,Precision,Average Precision,Sensitivity,Specificity,MCC,model
cat_1,"(0.801378, 0.040319)","(0.886794, 0.016978)","(0.717721, 0.057421)","(0.645121, 0.084904)","(0.81705, 0.024485)","(0.607725, 0.054638)","(0.645121, 0.084904)","(0.957634, 0.008713)","(0.657681, 0.057427)",lgm
cat_1_sd,"(0.838092, 0.031279)","(0.890798, 0.016669)","(0.753817, 0.042159)","(0.741643, 0.062337)","(0.76895, 0.036942)","(0.629672, 0.048437)","(0.741643, 0.062337)","(0.934541, 0.012385)","(0.684897, 0.051726)",lgm
cat_1_2,"(0.82087, 0.020456)","(0.797419, 0.019474)","(0.659174, 0.02619)","(0.863865, 0.040573)","(0.533731, 0.028626)","(0.49205, 0.029099)","(0.863865, 0.040573)","(0.777874, 0.026281)","(0.558073, 0.037211)",lgm
cat_1_2_sd,"(0.820428, 0.019118)","(0.777558, 0.022962)","(0.64728, 0.025074)","(0.898937, 0.040879)","(0.506748, 0.02959)","(0.478272, 0.027545)","(0.898937, 0.040879)","(0.741919, 0.033798)","(0.548209, 0.035423)",lgm
cat_1_2_3,"(0.812888, 0.026692)","(0.770607, 0.025615)","(0.637933, 0.032949)","(0.890242, 0.039449)","(0.497572, 0.032062)","(0.46848, 0.03523)","(0.890242, 0.039449)","(0.735533, 0.028733)","(0.534084, 0.047908)",lgm
complete,"(0.822107, 0.017259)","(0.760652, 0.021878)","(0.639258, 0.020702)","(0.934396, 0.030612)","(0.486427, 0.02327)","(0.46932, 0.022539)","(0.934396, 0.030612)","(0.709818, 0.030639)","(0.544539, 0.02952)",lgm
