dataset_name,AUC,Accuracy,f1,Recall,Precision,Average Precision,Sensitivity,Specificity,MCC,model
cat_1,"(0.754646, 0.046085)","(0.876912, 0.022653)","(0.657545, 0.077838)","(0.531111, 0.09264)","(0.880107, 0.070749)","(0.574808, 0.073056)","(0.531111, 0.09264)","(0.97818, 0.012557)","(0.619364, 0.078643)",lgm
cat_1_sd,"(0.816044, 0.055576)","(0.887828, 0.025445)","(0.729723, 0.077256)","(0.684734, 0.113133)","(0.791082, 0.037564)","(0.615088, 0.081811)","(0.684734, 0.113133)","(0.947353, 0.011832)","(0.665499, 0.084065)",lgm
cat_1_2,"(0.823188, 0.01808)","(0.786513, 0.02799)","(0.655232, 0.029712)","(0.890338, 0.023843)","(0.519694, 0.039411)","(0.487338, 0.034299)","(0.890338, 0.023843)","(0.756038, 0.038689)","(0.556446, 0.038801)",lgm
cat_1_2_sd,"(0.835215, 0.028193)","(0.766672, 0.029168)","(0.651813, 0.034169)","(0.96058, 0.037381)","(0.493801, 0.033703)","(0.483927, 0.038165)","(0.96058, 0.037381)","(0.709851, 0.033833)","(0.565994, 0.049815)",lgm
cat_1_2_3,"(0.818808, 0.013333)","(0.748746, 0.027245)","(0.631543, 0.021176)","(0.947053, 0.036205)","(0.474938, 0.028373)","(0.461122, 0.022631)","(0.947053, 0.036205)","(0.690562, 0.043148)","(0.537982, 0.025516)",lgm
complete,"(0.807545, 0.013661)","(0.72393, 0.020795)","(0.612126, 0.014317)","(0.960483, 0.032138)","(0.449661, 0.015977)","(0.440648, 0.014677)","(0.960483, 0.032138)","(0.654607, 0.032738)","(0.516044, 0.021706)",lgm
