dataset_name,AUC,Accuracy,f1,Recall,Precision,Average Precision,Sensitivity,Specificity,MCC,model
cat_1,"(0.845317, 0.020316)","(0.863967, 0.012245)","(0.72957, 0.024135)","(0.811304, 0.047287)","(0.664643, 0.029601)","(0.58171, 0.029004)","(0.811304, 0.047287)","(0.87933, 0.017871)","(0.64669, 0.032228)",svm
cat_1_sd,"(0.846595, 0.032505)","(0.854022, 0.02717)","(0.721765, 0.04665)","(0.83314, 0.056793)","(0.638943, 0.055815)","(0.571077, 0.057242)","(0.83314, 0.056793)","(0.86005, 0.030589)","(0.636875, 0.063099)",svm
cat_1_2,"(0.840479, 0.028046)","(0.830151, 0.022144)","(0.696388, 0.037593)","(0.85942, 0.044049)","(0.585821, 0.036807)","(0.536394, 0.042754)","(0.85942, 0.044049)","(0.821538, 0.020695)","(0.605379, 0.051799)",svm
cat_1_2_sd,"(0.840205, 0.020837)","(0.827171, 0.026041)","(0.694835, 0.032621)","(0.864058, 0.02536)","(0.582238, 0.041081)","(0.534078, 0.038922)","(0.864058, 0.02536)","(0.816352, 0.032919)","(0.603685, 0.043509)",svm
cat_1_2_3,"(0.836928, 0.030793)","(0.822221, 0.020387)","(0.687326, 0.037861)","(0.863865, 0.05337)","(0.57102, 0.031796)","(0.525423, 0.043495)","(0.863865, 0.05337)","(0.809992, 0.015761)","(0.59441, 0.053573)",svm
complete,"(0.833361, 0.024367)","(0.81428, 0.019162)","(0.67931, 0.030258)","(0.868309, 0.046499)","(0.55864, 0.029632)","(0.51538, 0.034805)","(0.868309, 0.046499)","(0.798412, 0.02292)","(0.584739, 0.042722)",svm
