dataset_name,AUC,Accuracy,f1,Recall,Precision,Average Precision,Sensitivity,Specificity,MCC,model
cat_1,"(0.88164, 0.030498)","(0.929511, 0.014745)","(0.835086, 0.039824)","(0.794106, 0.061674)","(0.883466, 0.02779)","(0.748546, 0.048598)","(0.794106, 0.061674)","(0.969173, 0.0086)","(0.793284, 0.045801)",svm
cat_1_sd,"(0.8878, 0.02611)","(0.905694, 0.023778)","(0.805273, 0.044963)","(0.855169, 0.038359)","(0.762837, 0.063658)","(0.686206, 0.065188)","(0.855169, 0.038359)","(0.92043, 0.025138)","(0.746461, 0.059759)",svm
cat_1_2,"(0.812717, 0.061218)","(0.741771, 0.119081)","(0.645395, 0.109753)","(0.942705, 0.049379)","(0.510683, 0.150021)","(0.487757, 0.126684)","(0.942705, 0.049379)","(0.68273, 0.167787)","(0.553371, 0.131832)",svm
cat_1_2_sd,"(0.783295, 0.039447)","(0.684286, 0.083034)","(0.589335, 0.064319)","(0.964638, 0.041176)","(0.431466, 0.084588)","(0.42076, 0.068955)","(0.964638, 0.041176)","(0.601952, 0.119638)","(0.486337, 0.075245)",svm
cat_1_2_3,"(0.754984, 0.015506)","(0.63057, 0.030651)","(0.547068, 0.017617)","(0.982415, 0.021539)","(0.379548, 0.019177)","(0.376585, 0.016744)","(0.982415, 0.021539)","(0.527552, 0.04468)","(0.434763, 0.021794)",svm
complete,"(0.756166, 0.014009)","(0.627575, 0.025341)","(0.547045, 0.01558)","(0.991208, 0.010769)","(0.378029, 0.016129)","(0.376578, 0.014872)","(0.991208, 0.010769)","(0.521125, 0.035356)","(0.437378, 0.019549)",svm
