dataset_name,AUC,Accuracy,f1,Recall,Precision,Average Precision,Sensitivity,Specificity,MCC,model
cat_1,"(0.79226, 0.069044)","(0.853052, 0.038308)","(0.672832, 0.097959)","(0.680773, 0.1406)","(0.677806, 0.089273)","(0.539066, 0.101915)","(0.680773, 0.1406)","(0.903747, 0.035982)","(0.583745, 0.119686)",svm
cat_1_sd,"(0.789614, 0.072826)","(0.827181, 0.034132)","(0.644871, 0.093021)","(0.720386, 0.176401)","(0.605653, 0.061062)","(0.499612, 0.082699)","(0.720386, 0.176401)","(0.858842, 0.055349)","(0.547787, 0.105634)",svm
cat_1_2,"(0.797771, 0.042978)","(0.751756, 0.036475)","(0.617392, 0.048716)","(0.881836, 0.067916)","(0.475791, 0.04314)","(0.448252, 0.049051)","(0.881836, 0.067916)","(0.713706, 0.037965)","(0.505899, 0.074184)",svm
cat_1_2_sd,"(0.802318, 0.029806)","(0.746791, 0.023512)","(0.617905, 0.031521)","(0.903768, 0.053983)","(0.469908, 0.026379)","(0.447289, 0.032047)","(0.903768, 0.053983)","(0.700868, 0.026504)","(0.510858, 0.050012)",svm
cat_1_2_3,"(0.785583, 0.036885)","(0.73289, 0.02686)","(0.599126, 0.038425)","(0.881836, 0.066446)","(0.454185, 0.030223)","(0.428661, 0.036801)","(0.881836, 0.066446)","(0.68933, 0.027244)","(0.482093, 0.061843)",svm
complete,"(0.791408, 0.030865)","(0.729905, 0.022603)","(0.602273, 0.030909)","(0.903768, 0.063694)","(0.452264, 0.024278)","(0.431287, 0.029853)","(0.903768, 0.063694)","(0.679049, 0.028688)","(0.49077, 0.051051)",svm
