dataset_name,AUC,Accuracy,f1,Recall,Precision,Average Precision,Sensitivity,Specificity,MCC,model
cat_1,"(0.845972, 0.036985)","(0.907655, 0.017886)","(0.780959, 0.046885)","(0.733043, 0.077226)","(0.841638, 0.044953)","(0.677525, 0.055907)","(0.733043, 0.077226)","(0.9589, 0.014478)","(0.727673, 0.055995)",svm
cat_1_sd,"(0.847231, 0.036153)","(0.880868, 0.021786)","(0.748564, 0.049007)","(0.785604, 0.063882)","(0.715538, 0.039066)","(0.612924, 0.059168)","(0.785604, 0.063882)","(0.908859, 0.01174)","(0.672317, 0.063641)",svm
cat_1_2,"(0.792532, 0.032832)","(0.743821, 0.046566)","(0.611924, 0.042016)","(0.881739, 0.039937)","(0.47037, 0.046517)","(0.441659, 0.043424)","(0.881739, 0.039937)","(0.703325, 0.062452)","(0.497881, 0.0589)",svm
cat_1_2_sd,"(0.798675, 0.044481)","(0.738806, 0.039376)","(0.612549, 0.050659)","(0.908019, 0.063864)","(0.462894, 0.045514)","(0.443192, 0.052125)","(0.908019, 0.063864)","(0.68933, 0.039548)","(0.503988, 0.07717)",svm
cat_1_2_3,"(0.800162, 0.04045)","(0.714999, 0.066732)","(0.608249, 0.052004)","(0.956039, 0.014213)","(0.448708, 0.05739)","(0.438437, 0.053267)","(0.956039, 0.014213)","(0.644285, 0.089545)","(0.507707, 0.067532)",svm
complete,"(0.805954, 0.027746)","(0.7309, 0.021593)","(0.613586, 0.028709)","(0.943092, 0.040303)","(0.454775, 0.022769)","(0.44263, 0.029305)","(0.943092, 0.040303)","(0.668817, 0.01726)","(0.513178, 0.046765)",svm
