dataset_name,fit_time,score_time,test_AUC,test_Accuracy,test_f1,test_Recall,test_Precision,test_MCC,test_Average Precision,test_Sensitivity,test_Specificity,best_params
Cat_1,0.061269521713256836,0.03302445411682129,0.906352745967356,0.836100647155414,0.6975304171391242,0.8265494912118407,0.6065434617747215,0.604447077215716,0.7589551683183811,0.8265494912118407,0.8387728775296299,{'C': 1}
Cat_1_sd,0.06825981140136719,0.03824028968811035,0.8717266914332141,0.7996525673655719,0.693110430026398,0.7784615384615385,0.6286218890301096,0.5568552536510778,0.7541568448934225,0.7784615384615385,0.808304442473595,{'C': 1}
Cat_1_2,0.10002727508544922,0.0358372688293457,0.7752689950446736,0.70921926910299,0.7217285268452092,0.6993432141819239,0.746945491221042,0.4195247247493331,0.8060588889977133,0.6993432141819239,0.7207852938805128,{'C': 1}
Cat_1_2_sd,0.11806931495666503,0.037499427795410156,0.7701838559907813,0.7071823204419889,0.728723565088558,0.6985557149689143,0.7633043637611316,0.41453890670270094,0.8136817730217883,0.6985557149689143,0.7182536483108926,{'C': 1}
Cat_1_2_3,0.06697759628295899,0.045366954803466794,0.764410909584784,0.7053160477550722,0.7315915410142818,0.7013010819994635,0.7655710787802864,0.40858311931038005,0.8126055848764653,0.7013010819994635,0.7106103362089817,{'C': 0.1}
Complete,0.05396881103515625,0.03246006965637207,0.7623187331395374,0.7056701030927834,0.7390922325803457,0.7031394692264257,0.7799568076524731,0.40682644648054034,0.820841256935711,0.7031394692264257,0.7093687011206967,{'C': 0.1}
