dataset_name,fit_time,score_time,test_AUC,test_Accuracy,test_f1,test_Recall,test_Precision,test_MCC,test_Average Precision,test_Sensitivity,test_Specificity,best_params
Cat_1,0.08764524459838867,0.03422403335571289,0.9039441123245899,0.8723993045494061,0.7019017492447276,0.657631822386679,0.7599464529078581,0.626191311239385,0.7629559439505533,0.657631822386679,0.9352575989679917,{'C': 10}
Cat_1_sd,0.061605215072631836,0.033954429626464847,0.8724507098158636,0.8275279764069003,0.6682052188673533,0.6,0.7650579975000609,0.5647601906266132,0.7576319260846942,0.6,0.9213012980730468,{'C': 1}
Cat_1_2,0.08418393135070801,0.034366178512573245,0.7750156242959754,0.7051291612990711,0.7310476106841626,0.742429526300494,0.7214185724914278,0.40594616075128814,0.8057727017519862,0.742429526300494,0.6611626219463033,{'C': 1}
Cat_1_2_sd,0.0965998649597168,0.03506369590759277,0.7706123915655307,0.7022099447513812,0.7420162142851433,0.7602152080344332,0.7258536576285447,0.3916596161675024,0.8137774745086676,0.7602152080344332,0.6269209062323632,{'C': 1}
Cat_1_2_3,0.06818637847900391,0.030603408813476562,0.7693910868341911,0.6993393393393393,0.7466359055185172,0.7731154430832514,0.7221865892220535,0.37951538555376024,0.8180110265802625,0.7731154430832514,0.6002338143997421,{'C': 1}
Complete,0.06899933815002442,0.029780864715576172,0.7657762204213447,0.7087628865979381,0.7645563407101993,0.7968831168831169,0.7351137015459861,0.38690799599166026,0.8248258501363349,0.7968831168831169,0.5799161493187132,{'C': 1}
