dataset_name,AUC,Accuracy,f1,Recall,Precision,Average Precision,Sensitivity,Specificity,MCC,model
cat_1,"(0.848777, 0.038907)","(0.880858, 0.021409)","(0.749155, 0.048701)","(0.789952, 0.079994)","(0.716465, 0.045446)","(0.614352, 0.059495)","(0.789952, 0.079994)","(0.907601, 0.020815)","(0.674702, 0.062528)",lr
cat_1_sd,"(0.862163, 0.034698)","(0.872932, 0.023801)","(0.750147, 0.046976)","(0.842415, 0.056846)","(0.676494, 0.042616)","(0.607678, 0.058601)","(0.842415, 0.056846)","(0.881911, 0.016936)","(0.673761, 0.063404)",lr
cat_1_2,"(0.845252, 0.039047)","(0.837195, 0.029212)","(0.705624, 0.049372)","(0.86, 0.066277)","(0.599274, 0.046411)","(0.54907, 0.057588)","(0.86, 0.066277)","(0.830505, 0.028022)","(0.617568, 0.06971)",lr
cat_1_2_sd,"(0.83922, 0.0456)","(0.83026, 0.038332)","(0.696855, 0.061375)","(0.855652, 0.073009)","(0.589751, 0.064151)","(0.539996, 0.071962)","(0.855652, 0.073009)","(0.822787, 0.039989)","(0.605742, 0.085407)",lr
cat_1_2_3,"(0.844989, 0.048216)","(0.83917, 0.037174)","(0.707454, 0.063352)","(0.855652, 0.081569)","(0.604845, 0.06071)","(0.553348, 0.071995)","(0.855652, 0.081569)","(0.834326, 0.037046)","(0.619795, 0.087388)",lr
complete,"(0.83763, 0.042467)","(0.83023, 0.035805)","(0.695417, 0.056484)","(0.851208, 0.070117)","(0.589634, 0.057272)","(0.537806, 0.063822)","(0.851208, 0.070117)","(0.824053, 0.038656)","(0.603565, 0.078322)",lr
