dataset_name,AUC,Accuracy,f1,Recall,Precision,Average Precision,Sensitivity,Specificity,MCC,model
cat_1,"(0.858144, 0.028814)","(0.861992, 0.02681)","(0.737612, 0.04463)","(0.851111, 0.056859)","(0.654698, 0.063383)","(0.590942, 0.059482)","(0.851111, 0.056859)","(0.865178, 0.035496)","(0.659046, 0.059053)",lr
cat_1_sd,"(0.851228, 0.037579)","(0.844136, 0.039412)","(0.718227, 0.062543)","(0.864251, 0.053499)","(0.618387, 0.084006)","(0.566687, 0.082016)","(0.864251, 0.053499)","(0.838205, 0.046504)","(0.634131, 0.083283)",lr
cat_1_2,"(0.837853, 0.037781)","(0.81631, 0.031068)","(0.684535, 0.047859)","(0.877295, 0.060674)","(0.562203, 0.046522)","(0.522733, 0.053059)","(0.877295, 0.060674)","(0.798412, 0.031654)","(0.592325, 0.068247)",lr
cat_1_2_sd,"(0.843831, 0.040293)","(0.81828, 0.034141)","(0.690315, 0.052403)","(0.890531, 0.06569)","(0.56506, 0.052515)","(0.52985, 0.060105)","(0.890531, 0.06569)","(0.79713, 0.036468)","(0.601712, 0.073408)",lr
cat_1_2_3,"(0.837853, 0.037056)","(0.8163, 0.030813)","(0.684527, 0.047492)","(0.877295, 0.060674)","(0.562347, 0.047018)","(0.522723, 0.053231)","(0.877295, 0.060674)","(0.798412, 0.032423)","(0.592424, 0.067209)",lr
complete,"(0.846005, 0.03748)","(0.81927, 0.033265)","(0.692667, 0.049651)","(0.894879, 0.057125)","(0.566193, 0.050751)","(0.532146, 0.057407)","(0.894879, 0.057125)","(0.79713, 0.035323)","(0.605033, 0.069364)",lr
