dataset_name,AUC,Accuracy,f1,Recall,Precision,Average Precision,Sensitivity,Specificity,MCC,model
cat_1,"(0.859791, 0.015153)","(0.900719, 0.013493)","(0.782118, 0.024259)","(0.785024, 0.032299)","(0.781746, 0.046684)","(0.661966, 0.035318)","(0.785024, 0.032299)","(0.934557, 0.018692)","(0.718905, 0.033465)",lr
cat_1_sd,"(0.855775, 0.034496)","(0.879853, 0.023748)","(0.753725, 0.048182)","(0.811691, 0.056958)","(0.704074, 0.045432)","(0.616286, 0.060606)","(0.811691, 0.056958)","(0.899859, 0.017085)","(0.678102, 0.064159)",lr
cat_1_2,"(0.851414, 0.01826)","(0.830151, 0.02788)","(0.705177, 0.031002)","(0.890338, 0.019697)","(0.585362, 0.042792)","(0.545774, 0.036654)","(0.890338, 0.019697)","(0.81249, 0.037644)","(0.620165, 0.040225)",lr
cat_1_2_sd,"(0.850403, 0.008591)","(0.826206, 0.014864)","(0.70022, 0.010957)","(0.894686, 0.04237)","(0.577203, 0.02844)","(0.539172, 0.013775)","(0.894686, 0.04237)","(0.806121, 0.030475)","(0.615605, 0.01225)",lr
cat_1_2_3,"(0.850296, 0.012514)","(0.821201, 0.024074)","(0.697064, 0.026227)","(0.903478, 0.022328)","(0.569034, 0.039028)","(0.53544, 0.03179)","(0.903478, 0.022328)","(0.797113, 0.035457)","(0.612153, 0.03118)",lr
complete,"(0.845574, 0.019026)","(0.816265, 0.014966)","(0.68907, 0.02282)","(0.89913, 0.040314)","(0.55927, 0.023031)","(0.525819, 0.026798)","(0.89913, 0.040314)","(0.792018, 0.019947)","(0.601545, 0.032205)",lr
