dataset_name,AUC,Accuracy,f1,Recall,Precision,Average Precision,Sensitivity,Specificity,MCC,model
cat_1,"(0.888867, 0.022553)","(0.92157, 0.013688)","(0.826965, 0.031351)","(0.829082, 0.039397)","(0.825121, 0.025322)","(0.723681, 0.042111)","(0.829082, 0.039397)","(0.948652, 0.007023)","(0.776373, 0.040121)",lr
cat_1_sd,"(0.901068, 0.034097)","(0.91165, 0.02101)","(0.818458, 0.044753)","(0.881739, 0.060756)","(0.764469, 0.038879)","(0.702528, 0.060623)","(0.881739, 0.060756)","(0.920397, 0.013896)","(0.764307, 0.059651)",lr
cat_1_2,"(0.8651, 0.009016)","(0.844072, 0.019692)","(0.725041, 0.01959)","(0.903575, 0.021885)","(0.606829, 0.033147)","(0.569566, 0.024316)","(0.903575, 0.021885)","(0.826625, 0.030639)","(0.647329, 0.023243)",lr
cat_1_2_sd,"(0.873606, 0.007438)","(0.850027, 0.014762)","(0.735154, 0.014724)","(0.916715, 0.028736)","(0.61502, 0.029231)","(0.581977, 0.019108)","(0.916715, 0.028736)","(0.830496, 0.025967)","(0.662067, 0.016673)",lr
cat_1_2_3,"(0.854536, 0.006727)","(0.830166, 0.016076)","(0.706218, 0.012391)","(0.89913, 0.035315)","(0.583093, 0.027708)","(0.546234, 0.015356)","(0.89913, 0.035315)","(0.809942, 0.030253)","(0.623504, 0.013009)",lr
complete,"(0.859578, 0.013843)","(0.833136, 0.018494)","(0.711909, 0.020648)","(0.907923, 0.037437)","(0.587092, 0.031754)","(0.553282, 0.025275)","(0.907923, 0.037437)","(0.811232, 0.030186)","(0.631877, 0.026089)",lr
