dataset_name,AUC,Accuracy,f1,Recall,Precision,Average Precision,Sensitivity,Specificity,MCC,model
cat_1,"(0.855378, 0.031438)","(0.860002, 0.030461)","(0.734262, 0.050323)","(0.84686, 0.055955)","(0.651987, 0.068835)","(0.587314, 0.06774)","(0.84686, 0.055955)","(0.863896, 0.038252)","(0.654205, 0.06626)",lr
cat_1_sd,"(0.851236, 0.035043)","(0.844131, 0.032859)","(0.716854, 0.053162)","(0.864251, 0.053499)","(0.614723, 0.065145)","(0.563474, 0.06695)","(0.864251, 0.053499)","(0.838222, 0.03674)","(0.632301, 0.071732)",lr
cat_1_2,"(0.839781, 0.0378)","(0.81929, 0.031955)","(0.688243, 0.049224)","(0.877295, 0.060674)","(0.567482, 0.050128)","(0.527308, 0.055611)","(0.877295, 0.060674)","(0.802266, 0.033586)","(0.597117, 0.069427)",lr
cat_1_2_sd,"(0.842688, 0.0371)","(0.82128, 0.031719)","(0.69178, 0.04884)","(0.881836, 0.062032)","(0.570653, 0.050886)","(0.531473, 0.056641)","(0.881836, 0.062032)","(0.80354, 0.035146)","(0.602395, 0.068249)",lr
cat_1_2_3,"(0.843576, 0.039358)","(0.82028, 0.034773)","(0.691937, 0.052529)","(0.886184, 0.063292)","(0.569214, 0.055218)","(0.531917, 0.060768)","(0.886184, 0.063292)","(0.800968, 0.038406)","(0.603087, 0.073138)",lr
complete,"(0.845113, 0.039323)","(0.820285, 0.037457)","(0.693541, 0.054259)","(0.890531, 0.054698)","(0.569461, 0.058884)","(0.533754, 0.062912)","(0.890531, 0.054698)","(0.799694, 0.040503)","(0.605222, 0.075284)",lr
